{
  "feature_names": [
    "Ages_scaled",
    "Height_scaled",
    "Weight_scaled",
    "Gender_encoded",
    "Activity Level_encoded",
    "Dietary Preference_encoded",
    "Disease_encoded",
    "BMI",
    "Disease_Count",
    "Has_Weight_Gain",
    "Has_Hypertension",
    "Has_Heart_Disease",
    "Has_Kidney_Disease",
    "Has_Diabetes",
    "Has_Acne",
    "Age_Group_encoded",
    "Weight_Category_encoded",
    "Disease_Severity_encoded",
    "activity_goal_combo_encoded",
    "has_metabolic_disorder",
    "has_cardiac_risk"
  ],
  "target_names": [
    "Protein",
    "Sodium",
    "Calories"
  ],
  "train_scores": {
    "Protein": {
      "r2": 0.805985689163208,
      "rmse": 23.556866607328505,
      "mae": 18.249834060668945
    },
    "Sodium": {
      "r2": 0.8059856858698194,
      "rmse": 4.711373614417376,
      "mae": 3.6499673632704637
    },
    "Calories": {
      "r2": 0.7933652400970459,
      "rmse": 258.40237820596775,
      "mae": 204.40081787109375
    }
  },
  "test_scores": {
    "Protein": {
      "r2": 0.6094275712966919,
      "rmse": 32.821042414818464,
      "mae": 25.929061889648438
    },
    "Sodium": {
      "r2": 0.6094272188438398,
      "rmse": 6.564211740705576,
      "mae": 5.18581410071429
    },
    "Calories": {
      "r2": 0.5703784227371216,
      "rmse": 379.8941464408211,
      "mae": 294.75335693359375
    }
  },
  "model_type": "XGBRegressor + MultiOutputRegressor",
  "training_date": "2025-07-14T12:14:54.830889",
  "data_shape": {
    "train_features": [
      1358,
      21
    ],
    "train_targets": [
      1358,
      3
    ],
    "test_features": [
      340,
      21
    ],
    "test_targets": [
      340,
      3
    ]
  }
}